,,,,,,,,,,,,,,,,,,
Acronym:,"VDZ(d,s)",,,,,,,,,,,,,,,,,
atom,HF,CCSD,UHF-UCCSD(T),RHF-UCCSD(T),CCSD(T)Λ,UHF-UCCSDT,RHF-UCCSDT,CCSDT(Q),CCSDT-1b,CCSDT-3,CCSDTQ-3,CCSDT(Q)/A,CCSDT(Q)/B,CCSDT(Q)Λ,CCSDTQ,CCSDTQ(5),CCSDTQ(5)Λ,CCSDTQ5
h,-0.499278,-0.499278,-0.499278,-0.499278,-0.499278,-0.499278,-0.499278,-0.499278,-0.499278,-0.499278,-0.499278,-0.499278,-0.499278,-0.499278,-0.499278,-0.499278,-0.499278,-0.499278
b,-24.529962,-24.588605,-24.589408,-24.589390,-24.589358,-24.589772,-24.589762,-24.589772,-24.589371,-24.589289,-24.589289,-24.589772,-24.589772,-24.589772,-24.589772,-24.589772,-24.589772,-24.589772
c,-37.686544,-37.759451,-37.760377,-37.760340,-37.760340,-37.760688,-37.760654,-37.760710,-37.760355,-37.760257,-37.760705,-37.760710,-37.760710,-37.760709,-37.760717,-37.760717,-37.760717,-37.760717
n,-54.391115,-54.477874,-54.478502,-54.478431,-54.478489,-54.478631,-54.478563,-54.478664,-54.478494,-54.478439,-54.478657,-54.478664,-54.478664,-54.478663,-54.478673,-54.478673,-54.478673,-54.478673
o,-74.792166,-74.909201,-74.909950,-74.909892,-74.909951,-74.910062,-74.910009,-74.910131,-74.909957,-74.909922,-74.910127,-74.910131,-74.910131,-74.910130,-74.910140,-74.910143,-74.910143,-74.910143
f,-99.375240,-99.526690,-99.527574,-99.527542,-99.527600,-99.527650,-99.527620,-99.527760,-99.527608,-99.527548,-99.527754,-99.527761,-99.527760,-99.527759,-99.527765,-99.527771,-99.527771,-99.527772
al,-241.873510,-241.920585,-241.921269,-241.921239,-241.921227,-241.921629,-241.921628,-241.921629,-241.921241,-241.921154,-241.921154,-241.921629,-241.921629,-241.921629,-241.921629,-241.921629,-241.921629,-241.921629
si,-288.850077,-288.914092,-288.915089,-288.915061,-288.915036,-288.915487,-288.915481,-288.915522,-288.915053,-288.914892,-288.915518,-288.915522,-288.915522,-288.915520,-288.915536,-288.915536,-288.915536,-288.915536
p,-340.709048,-340.790316,-340.791331,-340.791325,-340.791286,-340.791603,-340.791597,-340.791679,-340.791299,-340.791080,-340.791676,-340.791679,-340.791679,-340.791676,-340.791704,-340.791705,-340.791705,-340.791705
s,-397.496802,-397.599416,-397.600553,-397.600522,-397.600520,-397.600811,-397.600797,-397.600912,-397.600536,-397.600479,-397.600904,-397.600912,-397.600912,-397.600910,-397.600933,-397.600936,-397.600936,-397.600937
cl,-459.471143,-459.597739,-459.598893,-459.598872,-459.598868,-459.599086,-459.599074,-459.599230,-459.598886,-459.598811,-459.599219,-459.599230,-459.599230,-459.599227,-459.599247,-459.599251,-459.599251,-459.599252
,,,,,,,,,,,,,,,,,,
molecule,200,200,200,40,200,200,40,200,137,137,137,198,198,200,184,165,163,65
missing systems,0,0,0,,0,0,,0,63,63,63,2,2,0,16,32,34,63
 systems completed out of 63 in W4-17,63 /63,63 /63,63 /63,,63 /63,63 /63,,63 /63,0 /63,0 /63,0 /63,61 /63,61 /63,63 /63,47 /63,31 /63,29 /63,0 /63
cyclobutene,-154.892484,-155.438560,-155.457570,,-155.456985,-155.458247,,-155.459689,,,,-155.459660,-155.459670,-155.459675,-155.459535,error,error,
t-butadiene,-154.913716,-155.455565,-155.475284,,-155.474561,-155.476296,,-155.477757,,,,-155.477713,-155.477729,-155.477721,-155.477602,-155.477720,costly,
cyclobutane,-156.082108,-156.647071,-156.663398,,-156.663060,-156.664187,,-156.665277,,,,-156.665257,-156.665265,-156.665281,-156.665183,-156.665261,-156.665278,
n-pentane,-196.310796,-197.032692,-197.051454,,-197.051151,-197.052616,,-197.053767,,,,-197.053741,-197.053751,-197.053772,costly,costly,costly,
benzene,-230.702122,-231.487021,-231.520877,,-231.519533,-231.521297,,-231.523937,,,,-231.523856,-231.523886,-231.523951,costly,costly,costly,
hclo4,-759.068194,-759.976376,-760.006152,,-760.005651,-760.006162,,-760.010120,,,,-760.009500,-760.009733,-760.009983,costly,costly,costly,
c2f6,-672.413330,-673.795087,-673.823507,,-673.823974,-673.824435,,-673.827252,,,,nomatch,nomatch,-673.827219,costly,costly,costly,
c2cl6,-2832.692377,-2833.853756,-2833.890115,,-2833.889369,-2833.890664,,-2833.893744,,,,nomatch,nomatch,-2833.893765,costly,costly,costly,
n2o4,-408.066314,-409.173408,-409.227493,,-409.226467,-409.227236,,-409.234275,,,,-409.232647,-409.233289,-409.233934,costly,costly,costly,
cloocl,-1068.478278,-1069.164346,-1069.186313,,-1069.185361,-1069.186856,,-1069.190143,,,,-1069.189973,-1069.190039,-1069.189956,-1069.189686,-1069.189940,-1069.189958,
clo3,-683.674299,-684.388582,-684.416004,-684.416183,-684.415247,-684.416371,-684.416211,-684.420525,,,,-684.419731,-684.420063,-684.420229,-684.419830,-684.419859,-684.420101,
hoclo,-609.565502,-610.103814,-610.120709,,-610.120101,-610.121327,,-610.124033,,,,-610.123654,-610.123788,-610.123797,-610.123598,-610.123700,-610.123763,
pf5,-838.047932,-839.108044,-839.125725,,-839.125964,-839.126169,,-839.128657,,,,-839.128414,-839.128505,-839.128632,costly,costly,costly,
sf6,-994.005979,-995.298872,-995.323184,,-995.323234,-995.323593,,-995.326840,,,,-995.326567,-995.326673,-995.326818,costly,costly,costly,
oxadiazole,-260.557154,-261.336237,-261.370584,,-261.369414,-261.370343,,-261.374466,,,,-261.374129,-261.374239,-261.374298,-261.373811,costly,costly,
dioxetan2one,-301.489059,-302.291559,-302.317759,,-302.317476,-302.318148,,-302.320905,,,,-302.320508,-302.320655,-302.320832,-302.320568,costly,costly,
dioxetane,-227.732307,-228.368060,-228.385185,,-228.384961,-228.385723,,-228.387411,,,,-228.387314,-228.387350,-228.387397,-228.387254,-228.387318,-228.387349,
dithiotane,-873.082943,-873.640631,-873.659161,,-873.658602,-873.659946,,-873.661491,,,,-873.661449,-873.661465,-873.661474,-873.661378,-873.661485,-873.661513,
borole,-179.006473,-179.611923,-179.636856,,-179.635850,-179.637901,,-179.639920,,,,-179.639847,-179.639874,-179.639875,-179.639719,costly,costly,
c2cl4,-1913.693577,-1914.545312,-1914.573437,,-1914.572569,-1914.573942,,-1914.576566,,,,-1914.576407,-1914.576467,-1914.576534,costly CFOUR,costly,costly,
c2f4,-473.441724,-474.447787,-474.471433,,-474.471413,-474.472277,,-474.474773,,,,-474.474439,-474.474563,-474.474707,costly CFOUR,costly,costly,
cis-c2f2cl2,-1193.562663,-1194.491628,-1194.517564,,-1194.517159,-1194.518353,,-1194.520876,,,,-1194.520596,-1194.520701,-1194.520816,costly CFOUR,costly,costly,
trans-c2f2cl2,-1193.565595,-1194.494333,-1194.520250,,-1194.519837,-1194.521027,,-1194.523541,,,,-1194.523266,-1194.523369,-1194.523483,costly CFOUR,costly,costly,
cyclopentadiene,-192.788269,-193.457640,-193.483925,,-193.482960,-193.484613,,-193.486720,,,,-193.486660,-193.486681,-193.486691,-193.486483,costly,costly,
formic-anhydride,-301.498079,-302.299806,-302.326610,,-302.326435,-302.327333,,-302.330177,,,,-302.329697,-302.329878,-302.330067,-302.329816,costly,costly,
furan,-228.628732,-229.339295,-229.367053,,-229.366213,-229.367360,,-229.369930,,,,-229.369758,-229.369815,-229.369885,costly,costly,costly,
oxetane,-191.902081,-192.502774,-192.519503,,-192.519237,-192.520217,,-192.521621,,,,-192.521553,-192.521578,-192.521610,-192.5214937,costly,costly,
pyrrole,-208.807340,-209.503130,-209.530575,,-209.529623,-209.530833,,-209.533248,,,,-209.533165,-209.533193,-209.533233,-209.5329641,costly,costly,
silole,-443.847311,-444.473664,-444.499344,,-444.498329,-444.500431,,-444.502515,,,,-444.502433,-444.502463,-444.502466,-444.502299,costly,costly,
thiophene,-551.306625,-551.976445,-552.005439,,-552.004323,-552.005778,,-552.008327,,,,-552.008219,-552.008258,-552.008299,costly,costly,costly,
beta-lactim,-245.776284,-246.528208,-246.553128,,-246.552475,-246.553582,,-246.555995,,,,-246.555857,-246.555905,-246.555954,costly,costly,costly,
clf5,-956.154850,-957.323539,-957.355196,,-957.354602,-957.356070,,-957.360589,,,,-957.359916,-957.360201,-957.360369,costly CFOUR,costly,costly,
clf3,-757.509135,-758.261246,-758.280054,,-758.279650,-758.280820,,-758.283625,,,,-758.283217,-758.283385,-758.283435,-758.283302,-758.283300,-758.283423,
pf3,-639.137951,-639.817877,-639.830447,,-639.830561,-639.830961,,-639.832649,,,,-639.832411,-639.832503,-639.832605,-639.832517,costly,costly,
hoclo2,-684.312080,-685.041618,-685.066625,,-685.066064,-685.066995,,-685.070721,,,,-685.069913,-685.070230,-685.070441,-685.070126,costly,costly,
h2no,-130.391996,-130.732450,-130.739726,-130.739696,-130.739578,-130.740134,-130.740092,-130.741160,,,,-130.741155,-130.741155,-130.741142,-130.741083,-130.741154,-130.741151,
nh2oh,-130.974213,-131.340937,-131.347889,,-131.347770,-131.348214,,-131.349286,,,,-131.349281,-131.349282,-131.349271,-131.349204,-131.349264,-131.349263,
cyclopropane,-117.046752,-117.468220,-117.480027,,-117.479776,-117.480618,,-117.481450,,,,-117.481438,-117.481443,-117.481449,-117.481380,-117.481443,-117.481452,
cyclopropene,-115.818779,-116.223905,-116.238690,,-116.238205,-116.239167,,-116.240386,,,,-116.240367,-116.240373,-116.240367,-116.240250,-116.240366,-116.240377,
ch3ph2,-381.493780,-381.771756,-381.778507,,-381.778371,-381.779334,,-381.779743,,,,-381.779729,-381.779734,-381.779734,-381.779740,-381.779763,-381.779768,
nh2f,-154.958662,-155.326679,-155.333547,,-155.333548,-155.333928,,-155.334857,,,,-155.334836,-155.334843,-155.334839,-155.334798,-155.334854,-155.334852,
cclh3,-499.107928,-499.402349,-499.408421,,-499.408331,-499.408916,,-499.409412,,,,-499.409402,-499.409406,-499.409405,-499.409402,-499.409431,-499.409434,
clno,-588.714752,-589.222905,-589.244510,,-589.243949,-589.245700,,-589.248788,,,,-589.248158,-589.248445,-589.248466,-589.248338,-589.248438,-589.248598,
tetrahedrane,-153.595495,-154.129561,-154.149817,,-154.149169,-154.149954,,-154.151657,,,,-154.151638,-154.151645,-154.151656,-154.151456,-154.151606,-154.151630,
n-butane,-157.279108,-157.859264,-157.873830,,-157.873615,-157.874807,,-157.875696,,,,-157.875678,-157.875685,-157.875699,-157.875636,costly,costly,
c2cl2,-994.642383,-995.188079,-995.207909,,-995.207244,-995.208249,,-995.210306,,,,-995.210226,-995.210258,-995.210256,-995.210071,-995.210246,-995.210277,
c2clh3,-536.951477,-537.371276,-537.384159,,-537.383766,-537.384843,,-537.385884,,,,-537.385844,-537.385860,-537.385860,-537.385802,-537.385875,-537.385888,
c2clh5,-538.142962,-538.578828,-538.589093,,-538.588926,-538.589783,,-538.590544,,,,-538.590523,-538.590531,-538.590537,-538.590511,-538.590555,-538.590564,
c2clh,-535.730997,-536.135273,-536.150413,,-536.149918,-536.150798,,-536.152319,,,,-536.152270,-536.152290,-536.152276,-536.152145,-536.152298,-536.152309,
ccl2h2,-958.025159,-958.461062,-958.471516,,-958.471307,-958.472102,,-958.473002,,,,-958.472965,-958.472979,-958.472989,-958.472973,-958.473015,-958.473028,
ccl2o,-1031.733187,-1032.338927,-1032.358902,,-1032.358653,-1032.359521,,-1032.361476,,,,-1032.361160,-1032.361284,-1032.361414,-1032.361312,-1032.361310,-1032.361412,
ccl3h,-1416.935304,-1417.515905,-1417.531433,,-1417.531102,-1417.532033,,-1417.533384,,,,-1417.533309,-1417.533339,-1417.533373,-1417.533334,costly,costly,
ccl4,-1875.836794,-1876.564456,-1876.585665,,-1876.585217,-1876.586179,,-1876.588031,,,,-1876.587909,-1876.587958,-1876.588032,-1876.587956,costly,costly,
cf2cl2,-1155.740060,-1156.543418,-1156.562505,,-1156.562455,-1156.563111,,-1156.564877,,,,-1156.564659,-1156.564743,-1156.564858,-1156.564817,costly,costly,
fno,-228.632994,-229.183444,-229.203696,,-229.203496,-229.204546,,-229.207456,,,,-229.206768,-229.207059,-229.207177,-229.206964,-229.206989,-229.207158,
ch2clf,-597.961005,-598.436074,-598.445849,,-598.445831,-598.446424,,-598.447350,,,,-598.447274,-598.447303,-598.447334,-598.447312,-598.447327,-598.447349,
chf3,-336.786082,-337.482205,-337.495025,,-337.495233,-337.495508,,-337.496923,,,,-337.496750,-337.496815,-337.496902,-337.496830,costly,costly,
clcof,-671.681653,-672.325006,-672.343566,,-672.343487,-672.344088,,-672.346012,,,,-672.345695,-672.345817,-672.345951,-672.345835,-672.345810,costly,
formamide,-168.931016,-169.413505,-169.427504,,-169.427410,-169.428101,,-169.429586,,,,-169.429369,-169.429449,-169.429528,-169.429414,-169.429436,-169.429487,
cyclobutadiene,-153.641347,-154.177998,-154.201313,,-154.200235,-154.202340,,-154.204477,,,,-154.204438,-154.204451,-154.204395,-154.204194,-154.204392,-154.204418,
allyl,-116.461793,-116.848444,-116.860337,-116.860798,-116.859937,-116.861844,-116.861693,-116.862721,,,,-116.862668,-116.862678,-116.862669,-116.862636,-116.862698,-116.862709,
cyclopropyl,-116.407395,-116.802411,-116.813858,-116.813861,-116.813587,-116.814625,-116.814610,-116.815416,,,,-116.815390,-116.815399,-116.815408,-116.815357,-116.815409,-116.815421,
h2ccn,-131.310694,-131.705681,-131.720537,-131.720933,-131.720006,-131.721652,-131.721494,-131.723286,,,,-131.723213,-131.723229,-131.723214,-131.723093,-131.723259,-131.723263,
oxirene,-151.584916,-152.037522,-152.054635,,-152.054093,-152.055098,,-152.057004,-152.055541,-152.053548,-152.056450,-152.056904,-152.056946,-152.056949,-152.056773,-152.056922,-152.056945,missing
oxirane,-152.863197,-153.325045,-153.338095,,-153.337900,-153.338570,,-153.339830,-153.338717,-153.337323,-153.339497,-153.339761,-153.339786,-153.339809,-153.339700,-153.339772,-153.339787,missing
dioxirane,-188.609078,-189.123376,-189.140170,,-189.139629,-189.140366,,-189.142773,-189.140807,-189.138961,-189.142175,-189.142710,-189.142731,-189.142674,-189.142448,-189.142640,-189.142638,missing
ketene,-151.731938,-152.171996,-152.188304,,-152.188170,-152.189011,,-152.190588,-152.190036,-152.188017,-152.190040,-152.190271,-152.190394,-152.190516,-152.190389,-152.190408,-152.190486,missing
acetaldehyde,-152.914718,-153.373173,-153.386556,,-153.386480,-153.387240,,-153.388482,-153.387492,-153.386036,-153.388121,-153.388337,-153.388388,-153.388437,-153.388343,-153.388398,-153.388421,missing
formic,-188.766834,-189.265657,-189.279740,,-189.279645,-189.280209,,-189.281881,-189.281121,-189.279461,-189.281417,-189.281649,-189.281736,-189.281819,-189.281675,-189.281694,-189.281749,missing
acetic,-227.811027,-228.449493,-228.467487,,-228.467347,-228.468106,,-228.469989,-228.469017,-228.466927,-228.469452,-228.469746,-228.469834,-228.469936,-228.4697835,costly,costly,missing
methanol,-115.028196,-115.363090,-115.369152,,-115.369104,-115.369566,,-115.370295,-115.369375,-115.368831,-115.370156,-115.370279,-115.370285,-115.370289,-115.370244,-115.370273,-115.370277,missing
ethanol,-154.065225,-154.541269,-154.551357,,-154.551243,-154.551984,,-154.552958,-154.551704,-154.550757,-154.552738,-154.552931,-154.552941,-154.552952,-154.552889,-154.552932,-154.552941,missing
glyoxal,-226.602582,-227.224133,-227.245133,,-227.244890,-227.245906,,-227.248204,-227.246831,-227.244425,-227.247548,-227.247936,-227.248033,-227.248106,-227.247925,-227.248024,-227.248072,missing
t-hcoh,-113.786332,-114.099144,-114.107162,,-114.107100,-114.107815,,-114.108674,-114.107843,-114.107023,-114.108433,-114.108534,-114.108581,-114.108622,-114.108584,-114.108587,-114.108612,missing
c-hcoh,-113.777719,-114.090850,-114.098972,,-114.098892,-114.099640,,-114.100509,-114.099633,-114.098812,-114.100261,-114.100368,-114.100416,-114.100454,-114.100417,-114.100419,-114.100445,missing
hcnh,-93.400090,-93.684378,-93.694193,-93.694469,-93.693984,-93.695174,-93.695140,-93.696156,-93.694695,-93.693893,-93.695785,-93.696000,-93.696059,-93.696048,-93.695970,-93.696050,-93.696051,missing
hocn,-167.727038,-168.195062,-168.211279,,-168.210870,-168.211476,,-168.213582,-168.212266,-168.210364,-168.212969,-168.213470,-168.213513,-168.213515,-168.213276,-168.213451,-168.213466,missing
honc,-167.633086,-168.102824,-168.119534,,-168.119207,-168.119974,,-168.121911,-168.120727,-168.118717,-168.121317,-168.121717,-168.121786,-168.121834,-168.121662,-168.121787,-168.121819,missing
hnco,-167.770903,-168.235931,-168.254236,,-168.253993,-168.254660,,-168.256630,-168.256656,-168.254172,-168.255920,-168.256176,-168.256358,-168.256532,-168.256341,-168.256315,-168.256450,missing
hcno,-167.638538,-168.124397,-168.146250,,-168.145807,-168.146207,,-168.149237,-168.149359,-168.146129,-168.148116,-168.148375,-168.148712,-168.148959,-168.148662,-168.148610,-168.148881,missing
c-n2h2,-109.985347,-110.322671,-110.333582,,-110.333216,-110.333888,,-110.335189,-110.333885,-110.332744,-110.334858,-110.335176,-110.335180,-110.335140,-110.335047,-110.335175,-110.335168,missing
hnnn,-163.848328,-164.344135,-164.367155,,-164.366359,-164.367106,,-164.370416,-164.369469,-164.366253,-164.369259,-164.369961,-164.370144,-164.370192,-164.369814,-164.370020,-164.370139,missing
hnc,-92.858663,-93.140363,-93.151377,,-93.151225,-93.151864,,-93.152837,-93.152271,-93.150965,-93.152504,-93.152696,-93.152748,-93.152799,-93.152722,-93.152787,-93.152806,missing
t-hono,-204.645533,-205.190809,-205.209866,,-205.209480,-205.210542,,-205.213332,-205.211946,-205.209641,-205.212473,-205.212922,-205.213090,-205.213141,-205.212897,-205.213007,-205.213090,missing
c-hono,-204.648389,-205.192860,-205.211965,,-205.211611,-205.212524,,-205.215255,-205.214022,-205.211623,-205.214414,-205.214873,-205.215024,-205.215088,-205.214837,-205.214954,-205.215032,missing
nh2cl,-515.059914,-515.383844,-515.390821,,-515.390659,-515.391234,,-515.392046,-515.390990,-515.390345,-515.391884,-515.392040,-515.392042,-515.392029,-515.392008,-515.392061,-515.392062,missing
t-hooo,-224.931348,-225.501745,-225.522151,-225.522152,-225.521005,-225.523799,-225.523767,-225.527846,-225.523228,-225.521317,-225.526580,-225.527564,-225.527669,-225.527366,-225.527138,-225.527468,-225.527483,missing
c-hooo,-224.937058,-225.502597,-225.521320,-225.522315,-225.520486,-225.522695,-225.523606,-225.526245,-225.522369,-225.520514,-225.525166,-225.526008,-225.526087,-225.525891,-225.525655,-225.526196,-225.526206,missing
ch3f,-139.034581,-139.368914,-139.374430,,-139.374507,-139.374860,,-139.375418,-139.374815,-139.374321,-139.375318,-139.375383,-139.375396,-139.375411,-139.375388,-139.375404,-139.375411,missing
ch2f2,-237.904211,-238.418632,-238.427668,,-238.427817,-238.428149,,-238.429134,-238.428515,-238.427627,-238.428944,-238.429033,-238.429071,-238.429117,-238.429071,-238.429069,-238.429096,missing
cf4,-435.665242,-436.543489,-436.560088,,-436.560326,-436.560523,,-436.562355,-436.561859,-436.560104,-436.561987,-436.562130,-436.562214,-436.562338,-436.562243,costly,costly,missing
sih3f,-390.154484,-390.442653,-390.447180,,-390.447253,-390.447732,,-390.448254,-390.447655,-390.447271,-390.448158,-390.448187,-390.448213,-390.448242,-390.448230,-390.448211,-390.448235,missing
sif4,-686.934038,-687.772738,-687.785204,,-687.785520,-687.785593,,-687.787560,-687.786863,-687.785553,-687.787237,-687.787363,-687.787437,-687.787536,-687.787399,costly,costly,missing
c2h3f,-176.884210,-177.344025,-177.356176,,-177.356016,-177.356888,,-177.357942,-177.356941,-177.355717,-177.357652,-177.357843,-177.357880,-177.357910,-177.357855,-177.357888,-177.357917,missing
c2h5f,-178.073364,-178.548668,-178.558186,,-178.558219,-178.558858,,-178.559648,-178.558734,-178.557840,-178.559469,-178.559594,-178.559614,-178.559639,-178.559604,-178.559628,-178.559643,missing
fccf,-274.476474,-275.102888,-275.120975,,-275.120738,-275.121474,,-275.123512,-275.122442,-275.120418,-275.122949,-275.123316,-275.123390,-275.123442,-275.123290,-275.123368,-275.123433,missing
hccf,-175.651781,-176.096670,-176.111055,,-176.110785,-176.111493,,-176.113013,-176.112011,-176.110417,-176.112556,-176.112894,-176.112939,-176.112960,-176.112836,-176.112935,-176.112967,missing
hcof,-212.758638,-213.258932,-213.272478,,-213.272513,-213.272969,,-213.274479,-213.274022,-213.272461,-213.274059,-213.274221,-213.274319,-213.274415,-213.274293,-213.274288,-213.274352,missing
f2co,-311.633924,-312.314031,-312.331049,,-312.331102,-312.331455,,-312.333376,-312.333000,-312.331045,-312.332887,-312.333085,-312.333195,-312.333324,-312.333180,-312.333151,-312.333240,missing
ch2-sing,-38.874896,-38.998344,-39.000695,,-39.000614,-39.001388,,-39.001528,-39.000746,-39.000608,-39.001494,-39.001527,-39.001528,-39.001523,-39.001554,-39.001558,-39.001559,missing
propane,-118.247417,-118.685858,-118.696249,,-118.696119,-118.697038,,-118.697669,-118.696505,-118.695547,-118.697480,-118.697657,-118.697662,-118.697669,-118.697628,-118.697673,-118.697680,missing
propene,-117.062226,-117.481659,-117.494290,,-117.493963,-117.495082,,-117.495948,-117.494625,-117.493391,-117.495666,-117.495927,-117.495934,-117.495933,-117.495870,-117.495944,-117.495952,missing
propyne,-115.860521,-116.261741,-116.276277,,-116.275885,-116.276825,,-116.278096,-116.276800,-116.275230,-116.277666,-116.278065,-116.278077,-116.278066,-116.277944,-116.278091,-116.278093,missing
allene,-115.857821,-116.259302,-116.274230,,-116.273711,-116.275054,,-116.276149,-116.274698,-116.273135,-116.275750,-116.276101,-116.276120,-116.276122,-116.276029,-116.276124,-116.276138,missing
b2h6,-52.801181,-53.012791,-53.017944,,-53.017842,-53.018809,,-53.018935,-53.018047,-53.017692,-53.018859,-53.018917,-53.018925,-53.018933,-53.018938,-53.018936,-53.018942,missing
bhf2,-224.263244,-224.723939,-224.732003,,-224.732251,-224.732427,,-224.733343,-224.733127,-224.732289,-224.733149,-224.733169,-224.733233,-224.733310,-224.733266,-224.733211,-224.733266,missing
bf3,-323.201094,-323.844094,-323.854924,,-323.855208,-323.855307,,-323.856667,-323.856330,-323.855208,-323.856407,-323.856479,-323.856548,-323.856640,-323.856562,-323.856510,-323.856572,missing
c2h6,-79.215805,-79.512677,-79.518941,,-79.518893,-79.519531,,-79.519907,-79.519091,-79.518550,-79.519802,-79.519902,-79.519904,-79.519906,-79.519887,-79.519915,-79.519918,missing
h2cn,-93.433816,-93.704600,-93.713157,-93.713575,-93.712857,-93.714397,-93.714375,-93.715129,-93.713350,-93.712793,-93.714866,-93.715080,-93.715091,-93.715077,-93.715057,-93.715115,-93.715116,missing
nccn,-184.602786,-185.164152,-185.191174,,-185.190185,-185.191159,,-185.194711,-185.192654,-185.189315,-185.193570,-185.194590,-185.194636,-185.194561,-185.194164,-185.194568,-185.194580,missing
ch2nh2,-94.579792,-94.878804,-94.885051,-94.885055,-94.884976,-94.885587,-94.885570,-94.886179,-94.885251,-94.884696,-94.886035,-94.886151,-94.886158,-94.886161,-94.886134,-94.886165,-94.886168,missing
ch3nh,-94.586337,-94.876260,-94.882215,-94.882206,-94.882135,-94.882856,-94.882834,-94.883305,-94.882379,-94.881886,-94.883192,-94.883290,-94.883295,-94.883296,-94.883291,-94.883315,-94.883318,missing
ch3nh2,-95.199656,-95.520935,-95.527300,,-95.527237,-95.527772,,-95.528363,-95.527468,-95.526897,-95.528232,-95.528356,-95.528358,-95.528358,-95.528325,-95.528361,-95.528363,missing
cf2,-236.673146,-237.170938,-237.183012,,-237.183158,-237.183679,,-237.184917,-237.184731,-237.183425,-237.184569,-237.184587,-237.184709,-237.184839,-237.184794,-237.184686,-237.184798,missing
n2h,-109.432053,-109.739896,-109.750327,-109.750703,-109.750000,-109.751237,-109.751208,-109.752481,-109.750623,-109.749841,-109.752091,-109.752412,-109.752431,-109.752402,-109.752321,-109.752453,-109.752441,missing
t-n2h2,-109.995661,-110.331795,-110.342489,,-110.342142,-110.342780,,-110.344053,-110.342789,-110.341674,-110.343736,-110.344043,-110.344046,-110.344007,-110.343918,-110.344044,-110.344037,missing
n2h4,-111.162294,-111.511114,-111.517787,,-111.517692,-111.518152,,-111.518995,-111.517945,-111.517328,-111.518832,-111.518992,-111.518993,-111.518986,-111.518938,-111.518989,-111.518990,missing
fo2,-248.901337,-249.490754,-249.515797,-249.515769,-249.513883,-249.517582,-249.517534,-249.522618,-249.517835,-249.515113,-249.521025,-249.522306,-249.522411,-249.521937,-249.521668,-249.522106,-249.522111,missing
foof,-348.216627,-349.025408,-349.056176,,-349.054240,-349.057289,,-349.063137,-349.058334,-349.054786,-349.061327,-349.062790,-349.062931,-349.062566,-349.0621026,-349.062530,-349.062618,missing
alf3,-540.454926,-541.079456,-541.088293,,-541.088710,-541.088681,,-541.090199,-541.089930,-541.088935,-541.089942,-541.089962,-541.090053,-541.090155,-541.090065,-541.089997,-541.090080,missing
si2h6,-581.326361,-581.536817,-581.542187,,-581.542024,-581.543469,,-581.543659,-581.542220,-581.541936,-581.543564,-581.543635,-581.543645,-581.543646,-581.543678,-581.543674,-581.543682,missing
p4,-1362.988466,-1363.470696,-1363.499108,,-1363.497584,-1363.498959,,-1363.502090,-1363.500242,-1363.496353,-1363.500797,-1363.501946,-1363.501997,-1363.502008,-1363.501674,-1363.501907,-1363.502021,missing
so2,-547.179050,-547.694756,-547.715168,,-547.714646,-547.715469,,-547.718593,-547.718084,-547.715122,-547.717536,-547.717985,-547.718231,-547.718377,-547.718040,-547.718082,-547.718237,missing
so3,-621.992222,-622.684941,-622.709972,,-622.709435,-622.710174,,-622.713858,-622.713335,-622.709829,-622.712726,-622.713266,-622.713506,-622.713696,-622.713313,-622.713312,-622.713524,missing
ocs,-510.290614,-510.731779,-510.751824,,-510.751510,-510.752345,,-510.754388,-510.754626,-510.751766,-510.753593,-510.753860,-510.754076,-510.754289,-510.754134,-510.754069,-510.754252,missing
cs2,-832.925928,-833.330629,-833.353288,,-833.352598,-833.353980,,-833.356044,-833.356104,-833.352680,-833.355119,-833.355519,-833.355745,-833.355964,-833.355880,-833.355812,-833.356042,missing
s2o,-869.846902,-870.322000,-870.344568,,-870.343579,-870.345231,,-870.348465,-870.347341,-870.344122,-870.347208,-870.347787,-870.348072,-870.348150,-870.347923,-870.347978,-870.348166,missing
s3,-1192.539359,-1192.969966,-1192.993221,,-1192.991646,-1192.994290,,-1192.997392,-1192.994958,-1192.991873,-1192.996125,-1192.996975,-1192.997157,-1192.997053,-1192.996996,-1192.997150,-1192.997281,missing
s4-c2v,-1590.040776,-1590.632572,-1590.670816,,-1590.667818,-1590.671498,,-1590.677976,-1590.674941,-1590.668923,-1590.675294,-1590.677068,-1590.677483,-1590.677083,-1590.676902,-1590.677219,-1590.677623,missing
ccl2,-956.763559,-957.183323,-957.198074,,-957.197660,-957.199194,,-957.200427,-957.199297,-957.197724,-957.199936,-957.200093,-957.200220,-957.200324,-957.200340,-957.200254,-957.200372,missing
alcl3,-1620.651485,-1621.139704,-1621.149846,,-1621.149575,-1621.150625,,-1621.151656,-1621.150292,-1621.149362,-1621.151449,-1621.151572,-1621.151606,-1621.151626,-1621.151668,-1621.151645,-1621.151687,missing
clcn,-551.788567,-552.219956,-552.236702,,-552.236198,-552.236915,,-552.238927,-552.237560,-552.235575,-552.238302,-552.238839,-552.238873,-552.238856,-552.238640,-552.238842,-552.238850,missing
oclo,-608.957254,-609.485657,-609.505551,-609.505644,-609.504922,-609.506012,-609.505892,-609.509294,-609.507922,-609.505227,-609.508163,-609.508736,-609.508967,-609.509015,-609.508684,-609.508837,-609.508927,missing
cloo,-609.014983,-609.554663,-609.579123,-609.579069,-609.576921,-609.581647,-609.581609,-609.586524,-609.581117,-609.578317,-609.584895,-609.586299,-609.586325,-609.585767,-609.585663,-609.586119,-609.586121,missing
cl2o,-993.713427,-994.202631,-994.216302,,-994.215747,-994.216737,,-994.218645,-994.216713,-994.215294,-994.218194,-994.218607,-994.218619,-994.218572,-994.218449,-994.218586,-994.218588,missing
bn3pi,-78.996022,-79.196285,-79.205041,-79.205253,-79.204882,-79.206819,-79.206785,-79.207859,-79.206045,-79.205409,-79.207345,-79.207329,-79.207586,-79.207591,-79.207540,-79.207513,-79.207565,-79.207552
cf,-137.180054,-137.467898,-137.474982,-137.474987,-137.475165,-137.475654,-137.475635,-137.476260,-137.476098,-137.475365,-137.476054,-137.475988,-137.476094,-137.476188,-137.476179,-137.476089,-137.476167,-137.476161
ch2c,-76.765563,-77.015061,-77.023839,,-77.023530,-77.024767,,-77.025375,-77.024167,-77.023368,-77.025135,-77.025295,-77.025328,-77.025335,-77.025350,-77.025377,-77.025395,-77.025396
ch2ch,-77.387730,-77.636283,-77.644164,-77.644608,-77.643911,-77.645469,-77.645462,-77.646028,-77.644355,-77.643831,-77.645811,-77.645994,-77.646000,-77.645990,-77.645971,-77.646013,-77.646017,-77.646019
c2h4,-78.026043,-78.304634,-78.313117,,-78.312877,-78.313737,,-78.314310,-78.313320,-78.312527,-78.314125,-78.314297,-78.314302,-78.314295,-78.314258,-78.314314,-78.314315,-78.314316
ch2nh,-94.025965,-94.331104,-94.340470,,-94.340213,-94.340927,,-94.341800,-94.340762,-94.339830,-94.341554,-94.341772,-94.341782,-94.341770,-94.341703,-94.341781,-94.341781,-94.341781
hco,-113.255218,-113.555755,-113.565900,-113.565952,-113.566050,-113.566589,-113.566569,-113.567689,-113.567085,-113.565926,-113.567350,-113.567452,-113.567542,-113.567601,-113.567509,-113.567565,-113.567581,-113.567573
h2co,-113.869211,-114.187606,-114.196886,,-114.196834,-114.197351,,-114.198362,-114.197557,-114.196569,-114.198093,-114.198258,-114.198295,-114.198317,-114.198233,-114.198289,-114.198297,-114.198292
co2,-187.650611,-188.129626,-188.147692,,-188.147578,-188.147937,,-188.150027,-188.150384,-188.147872,-188.149312,-188.149535,-188.149731,-188.149934,-188.149705,-188.149661,-188.149804,-188.149771
hno,-129.792672,-130.147481,-130.158895,,-130.158598,-130.159210,,-130.160860,-130.159431,-130.158184,-130.160472,-130.160818,-130.160831,-130.160785,-130.160669,-130.160818,-130.160805,-130.160805
no2,-204.047789,-204.580301,-204.604107,-204.604260,-204.603654,-204.604685,-204.604579,-204.608126,-204.607926,-204.604301,-204.606939,-204.607467,-204.607736,-204.607869,-204.607531,-204.607711,-204.607829,-204.607786
n2o,-183.695396,-184.208931,-184.233097,,-184.232521,-184.232694,,-184.236335,-184.236496,-184.232764,-184.235051,-184.235594,-184.235879,-184.236079,-184.235637,-184.235736,-184.235958,-184.235927
o3,-224.266737,-224.876485,-224.909286,,-224.907025,-224.909408,,-224.916197,-224.913133,-224.907798,-224.913940,-224.915701,-224.915884,-224.915405,-224.914759,-224.915515,-224.915463,-224.915433
hoo,-150.176510,-150.533038,-150.541010,-150.540994,-150.540989,-150.541713,-150.541686,-150.543015,-150.541454,-150.540776,-150.542709,-150.542935,-150.542951,-150.542930,-150.542856,-150.542952,-150.542937,-150.542939
hooh,-150.762181,-151.149884,-151.157680,,-151.157443,-151.157939,,-151.159392,-151.157834,-151.157113,-151.159139,-151.159394,-151.159392,-151.159360,-151.159260,-151.159341,-151.159337,-151.159338
f2o,-273.463516,-274.055678,-274.071624,,-274.071103,-274.072185,,-274.074834,-274.072476,-274.070936,-274.074250,-274.074711,-274.074767,-274.074695,-274.074516,-274.074684,-274.074688,-274.074681
hocl,-534.861552,-535.202747,-535.209824,,-535.209589,-535.210164,,-535.211256,-535.209979,-535.209336,-535.211058,-535.211249,-535.211251,-535.211229,-535.211183,-535.211240,-535.211240,-535.211241
ssh,-795.628352,-795.895971,-795.903732,-795.903738,-795.903442,-795.904652,-795.904635,-795.905347,-795.903917,-795.903266,-795.905136,-795.905301,-795.905314,-795.905304,-795.905328,-795.905363,-795.905372,-795.905375
b2,-49.085626,-49.256458,-49.270456,-49.270527,-49.268516,-49.272204,-49.272201,-49.273652,-49.269652,-49.268830,-49.272953,-49.273498,-49.273563,-49.273330,-49.273787,-49.273865,-49.273874,-49.273907
bh,-25.123440,-25.202539,-25.203801,,-25.203724,-25.204233,,-25.204278,-25.203752,-25.203715,-25.204261,-25.204278,-25.204278,-25.204276,-25.204292,-25.204292,-25.204292,-25.204292
bh3,-26.384459,-26.476239,-26.477478,,-26.477458,-26.477832,,-26.477860,-26.477485,-26.477438,-26.477848,-26.477859,-26.477859,-26.477859,-26.477864,-26.477864,-26.477865,-26.477865
bn,-78.888123,-79.177118,-79.205975,,-79.205061,-79.203312,,-79.207270,-79.211226,-79.204450,-79.204916,-79.203052,-79.204483,-79.206119,-79.205547,-79.205373,-79.205863,-79.205802
bf,-124.107532,-124.373461,-124.379419,,-124.379503,-124.379825,,-124.380415,-124.380282,-124.379655,-124.380257,-124.380234,-124.380303,-124.380375,-124.380365,-124.380286,-124.380355,-124.380351
nh,-54.961040,-55.077921,-55.079066,-55.079004,-55.079041,-55.079304,-55.079254,-55.079419,-55.079060,-55.079014,-55.079409,-55.079419,-55.079419,-55.079417,-55.079438,-55.079440,-55.079440,-55.079440
nh2,-55.554721,-55.704616,-55.706353,-55.706331,-55.706331,-55.706630,-55.706608,-55.706868,-55.706371,-55.706271,-55.706837,-55.706868,-55.706868,-55.706864,-55.706879,-55.706886,-55.706886,-55.706887
hcn,-92.878601,-93.167513,-93.179162,,-93.178843,-93.179357,,-93.180791,-93.179669,-93.178365,-93.180359,-93.180756,-93.180769,-93.180739,-93.180585,-93.180757,-93.180745,-93.180747
hof,-174.733134,-175.125438,-175.133664,,-175.133458,-175.133951,,-175.135382,-175.133906,-175.133144,-175.135144,-175.135380,-175.135379,-175.135338,-175.135260,-175.135345,-175.135338,-175.135339
alh,-242.452502,-242.516242,-242.517206,,-242.517149,-242.517600,,-242.517626,-242.517174,-242.517168,-242.517612,-242.517625,-242.517626,-242.517624,-242.517634,-242.517634,-242.517634,-242.517634
alh3,-243.626108,-243.698970,-243.700027,,-243.699997,-243.700485,,-243.700518,-243.700031,-243.700023,-243.700506,-243.700515,-243.700517,-243.700516,-243.700531,-243.700530,-243.700530,-243.700530
alf,-341.422850,-341.670945,-341.675195,,-341.675302,-341.675510,,-341.676082,-341.676004,-341.675531,-341.675952,-341.675903,-341.675979,-341.676040,-341.676020,-341.675941,-341.676010,-341.676007
alcl,-701.485199,-701.687372,-701.691938,,-701.691732,-701.692460,,-701.692909,-701.692122,-701.691760,-701.692796,-701.692844,-701.692873,-701.692880,-701.692901,-701.692876,-701.692906,-701.692905
sih,-289.427348,-289.507143,-289.508686,-289.508669,-289.508615,-289.509244,-289.509237,-289.509282,-289.508652,-289.508626,-289.509266,-289.509280,-289.509281,-289.509279,-289.509290,-289.509291,-289.509291,-289.509291
sih4,-291.234516,-291.344173,-291.346311,,-291.346260,-291.346965,,-291.347018,-291.346319,-291.346244,-291.346988,-291.347011,-291.347014,-291.347014,-291.347027,-291.347024,-291.347026,-291.347026
sio,-363.789774,-364.069090,-364.080835,,-364.081021,-364.081473,,-364.083207,-364.083722,-364.081889,-364.082551,-364.082203,-364.082634,-364.082970,-364.082825,-364.082567,-364.082851,-364.082816
sif,-388.358718,-388.622262,-388.627453,-388.627454,-388.627535,-388.627983,-388.627979,-388.628568,-388.628244,-388.627734,-388.628423,-388.628388,-388.628462,-388.628521,-388.628505,-388.628437,-388.628499,-388.628495
cs,-435.329495,-435.590311,-435.604674,,-435.604528,-435.605421,,-435.606484,-435.606380,-435.604409,-435.605906,-435.606059,-435.606224,-435.606396,-435.606372,-435.606389,-435.606467,-435.606454
h2,-1.124583,-1.148052,-1.148052,,-1.148052,-1.148052,,-1.148052,-1.148052,-1.148052,-1.148052,-1.148052,-1.148052,-1.148052,-1.148052,-1.148052,-1.148052,-1.148052
oh,-75.382514,-75.540069,-75.541262,-75.541233,-75.541248,-75.541414,-75.541388,-75.541684,-75.541269,-75.541203,-75.541659,-75.541684,-75.541684,-75.541681,-75.541698,-75.541702,-75.541702,-75.541703
hf,-100.002000,-100.202281,-100.203530,,-100.203545,-100.203600,,-100.204046,-100.203568,-100.203478,-100.204002,-100.204047,-100.204047,-100.204045,-100.204027,-100.204037,-100.204037,-100.204037
h2o,-76.003157,-76.201357,-76.203117,,-76.203103,-76.203246,,-76.203793,-76.203145,-76.203018,-76.203725,-76.203794,-76.203793,-76.203790,-76.203768,-76.203779,-76.203779,-76.203780
ch,-38.269647,-38.367565,-38.369141,-38.369122,-38.369083,-38.369625,-38.369608,-38.369684,-38.369129,-38.369067,-38.369671,-38.369684,-38.369684,-38.369682,-38.369697,-38.369699,-38.369699,-38.369699
ch2-trip,-38.919677,-39.020014,-39.021257,-39.021222,-39.021235,-39.021573,-39.021539,-39.021651,-39.021260,-39.021211,-39.021640,-39.021651,-39.021651,-39.021650,-39.021663,-39.021665,-39.021665,-39.021666
ch3,-39.553243,-39.682695,-39.684457,-39.684443,-39.684440,-39.684801,-39.684781,-39.684923,-39.684477,-39.684379,-39.684901,-39.684923,-39.684923,-39.684921,-39.684930,-39.684935,-39.684935,-39.684936
ch4,-40.185215,-40.342291,-40.344756,,-40.344772,-40.345109,,-40.345251,-40.344825,-40.344642,-40.345218,-40.345250,-40.345251,-40.345250,-40.345249,-40.345261,-40.345261,-40.345262
cch,-76.153429,-76.380394,-76.390010,-76.390948,-76.389610,-76.391693,-76.391701,-76.392676,-76.390170,-76.389633,-76.392301,-76.392666,-76.392643,-76.392637,-76.392626,-76.392730,-76.392736,-76.392749
c2h2,-76.817930,-77.080927,-77.091470,,-77.091145,-77.091859,,-77.092858,-77.091832,-77.090710,-77.092522,-77.092836,-77.092844,-77.092824,-77.092743,-77.092871,-77.092865,-77.092870
nh3,-56.176098,-56.359135,-56.361449,,-56.361459,-56.361680,,-56.362051,-56.361515,-56.361334,-56.361994,-56.362051,-56.362051,-56.362047,-56.362040,-56.362056,-56.362056,-56.362057
c2,-75.386817,-75.698940,-75.726478,,-75.723977,-75.725120,,-75.729395,-75.726904,-75.722423,-75.726777,-75.728977,-75.729090,-75.728613,-75.727710,-75.728452,-75.728248,-75.728220
n2,-108.953751,-109.263599,-109.275542,,-109.275248,-109.275613,,-109.277316,-109.276060,-109.274702,-109.276861,-109.277303,-109.277307,-109.277262,-109.277084,-109.277284,-109.277266,-109.277267
co,-112.748970,-113.043857,-113.054592,,-113.054728,-113.055051,,-113.056151,-113.055951,-113.054602,-113.055803,-113.055912,-113.055999,-113.056099,-113.056008,-113.056041,-113.056075,-113.056062
cn,-92.212892,-92.476680,-92.489073,-92.490606,-92.488500,-92.491606,-92.491623,-92.493630,-92.489445,-92.489144,-92.492556,-92.493193,-92.493330,-92.493308,-92.493043,-92.493273,-92.493231,-92.493231
no,-129.260132,-129.586906,-129.598013,-129.598205,-129.598031,-129.598641,-129.598581,-129.600140,-129.598935,-129.597796,-129.599732,-129.600005,-129.600052,-129.600047,-129.599915,-129.600071,-129.600053,-129.600050
o2,-149.627704,-149.976020,-149.985737,-149.985632,-149.985487,-149.985928,-149.985735,-149.987852,-149.986145,-149.985125,-149.987503,-149.987859,-149.987855,-149.987804,-149.987672,-149.987849,-149.987832,-149.987843
of,-174.134612,-174.489952,-174.498005,-174.498039,-174.498154,-174.499139,-174.499108,-174.500353,-174.498898,-174.498279,-174.499986,-174.500121,-174.500198,-174.500181,-174.500130,-174.500205,-174.500194,-174.500192
f2,-198.685577,-199.088479,-199.097524,,-199.097082,-199.097794,,-199.099495,-199.097588,-199.096834,-199.099214,-199.099504,-199.099500,-199.099420,-199.099336,-199.099417,-199.099409,-199.099411
ph3,-342.462619,-342.599002,-342.601863,,-342.601803,-342.602454,,-342.602573,-342.601883,-342.601727,-342.602533,-342.602564,-342.602567,-342.602566,-342.602589,-342.602592,-342.602593,-342.602594
hs,-398.083963,-398.209068,-398.210887,-398.210870,-398.210842,-398.211262,-398.211251,-398.211403,-398.210885,-398.210783,-398.211384,-398.211402,-398.211403,-398.211399,-398.211424,-398.211429,-398.211429,-398.211430
h2s,-398.684774,-398.834781,-398.837280,,-398.837235,-398.837671,,-398.837875,-398.837297,-398.837136,-398.837841,-398.837873,-398.837873,-398.837869,-398.837898,-398.837905,-398.837906,-398.837907
hcl,-460.081551,-460.236249,-460.238074,,-460.238038,-460.238287,,-460.238526,-460.238075,-460.237947,-460.238500,-460.238526,-460.238526,-460.238521,-460.238544,-460.238552,-460.238552,-460.238553
so,-472.348107,-472.652114,-472.661700,-472.661847,-472.661466,-472.662234,-472.662125,-472.663681,-472.662371,-472.661323,-472.663336,-472.663603,-472.663637,-472.663631,-472.663525,-472.663631,-472.663633,-472.663632
clo,-534.255760,-534.565460,-534.572925,-534.572919,-534.572770,-534.573758,-534.573735,-534.574697,-534.573218,-534.572649,-534.574436,-534.574635,-534.574648,-534.574627,-534.574614,-534.574682,-534.574675,-534.574678
clf,-558.844245,-559.186764,-559.193372,,-559.193228,-559.193726,,-559.194682,-559.193660,-559.193076,-559.194522,-559.194657,-559.194666,-559.194653,-559.194630,-559.194673,-559.194674,-559.194674
p2,-681.465358,-681.710202,-681.724435,,-681.723574,-681.724871,,-681.726681,-681.724993,-681.723296,-681.725988,-681.726603,-681.726636,-681.726573,-681.726559,-681.726726,-681.726749,-681.726759
s2,-795.060681,-795.320697,-795.330376,-795.330428,-795.329943,-795.331122,-795.331020,-795.332120,-795.330712,-795.329697,-795.331826,-795.332087,-795.332102,-795.332079,-795.332084,-795.332168,-795.332174,-795.332182
cl2,-918.960935,-919.256952,-919.263242,,-919.262993,-919.263683,,-919.264389,-919.263303,-919.262771,-919.264262,-919.264384,-919.264386,-919.264368,-919.264387,-919.264422,-919.264425,-919.264427