,,,,,,,,,,,,,,,,,
,"VTZ(f,p)",,,,,,,,,,,,,,,,
,HF,CCSD,UHF-UCCSD(T),RHF-UCCSD(T),CCSD(T)Λ,UHF-UCCSDT,RHF-UCCSDT,CCSDT(Q),CCSDT-3,CCSDTQ-3,CCSDT(Q)/A,CCSDT(Q)/B,CCSDT(Q)Λ,CCSDTQ,CCSDTQ(5),ECCSDTQ(5)Λ,ECCSDTQ5
h,-0.499810,-0.499810,-0.499810,-0.499810,-0.499810,-0.499810,-0.499810,-0.499810,-0.499810,,-0.499810,-0.499810,-0.499810,-0.499810,-0.499810,-0.499810,-0.499810
b,-24.532068,-24.596786,-24.598101,-24.598079,-24.598015,-24.598521,-24.598498,-24.598521,-24.597877,,-24.598521,-24.598521,-24.598521,-24.598521,-24.598521,-24.598521,-24.598521
c,-37.691569,-37.778725,-37.780762,-37.780695,-37.780674,-37.781226,-37.781157,-37.781259,-37.780395,,-37.781259,-37.781259,-37.781258,-37.781267,-37.781267,-37.781267,-37.781267
n,-54.400686,-54.512432,-54.514707,-54.514572,-54.514646,-54.515027,-54.514898,-54.515066,-54.514272,,-54.515065,-54.515065,-54.515065,-54.515069,-54.515069,-54.515069,-54.515069
o,-74.811757,-74.971050,-74.973962,-74.973863,-74.973914,-74.974252,-74.974151,-74.974303,-74.973870,,-74.974300,-74.974301,-74.974303,-74.974302,-74.974302,-74.974303,-74.974303
f,-99.405525,-99.616771,-99.620361,-99.620309,-99.620336,-99.620540,-99.620484,-99.620606,-99.620234,,-99.620600,-99.620602,-99.620607,-99.620599,-99.620600,-99.620601,-99.620600
al,-241.879046,-241.930060,-241.931204,-241.931175,-241.931131,-241.931676,-241.931660,-241.931676,-241.930975,,-241.931676,-241.931676,-241.931676,-241.931676,-241.931676,-241.931676,-241.931676
si,-288.856428,-288.930676,-288.933123,-288.933070,-288.932982,-288.933867,-288.933814,-288.933926,-288.932538,,-288.933924,-288.933925,-288.933922,-288.933941,-288.933941,-288.933941,-288.933941
p,-340.716306,-340.817237,-340.821020,-340.820953,-340.820832,-340.821786,-340.821721,-340.821901,-340.820029,,-340.821901,-340.821901,-340.821897,-340.821920,-340.821921,-340.821922,-340.821922
s,-397.509269,-397.648741,-397.653349,-397.653305,-397.653171,-397.654105,-397.654047,-397.654225,-397.653139,,-397.654221,-397.654222,-397.654223,-397.654236,-397.654238,-397.654240,-397.654240
cl,-459.485434,-459.666281,-459.671808,-459.671792,-459.671634,-459.672437,-459.672398,-459.672589,-459.671510,,-459.672585,-459.672586,-459.672589,-459.672595,-459.672598,-459.672601,-459.672601
,,,,,,,,,,,,,,,12,,
,200,200,200,40,137,200,40,198,137,,132,132,157,65,53,53,23
,0,0,0,58,63,0,,2,,,63,63,43,63,63,63,63
,63 /63,63 /63,63 /63,5 /63,0 /63,63 /63,,61 /63,0 /63,,0 /63,0 /63,20 /63,0 /63,0 /63,0 /63,0 /63
cyclobutene,-154.952276,-155.637332,-155.668748,,,-155.668902,,-155.670641,,,,,missing,,,,
t-butadiene,-154.976547,-155.655328,-155.687258,,,-155.687757,,-155.689620,,,,,missing,,,,
cyclobutane,-156.149172,-156.872428,-156.901711,,,-156.902140,,-156.903402,,,,,missing,,,,
n-pentane,-196.401936,-197.340767,-197.376129,,,-197.377011,,-197.3783469,,,,,missing,,,,
benzene,-230.778469,-231.745322,-231.796894,,,-231.796322,,-231.799650,,,,,missing,,,,
hclo4,-759.284473,-760.453426,-760.507936,,,-760.507163,,-760.510781,,,,,missing,,,,
c2f6,-672.644583,-674.446448,-674.504948,,,-674.505020,,costly,,,,,missing,,,,
c2cl6,-2832.808454,-2834.355905,-2834.432242,,,-2834.432975,,costly,,,,,missing,,,,
n2o4,-408.191109,-409.545315,-409.624904,,,-409.623139,,-409.630469,,,,,missing,,,,
cloocl,-1068.565429,-1069.459593,-1069.502455,,,-1069.502774,,-1069.506531,,,,,missing,,,,
clo3,-683.833077,-684.748209,-684.795169,-684.7954374,,-684.794962,-684.7947807,-684.799072,,,,,missing,,,,
hoclo,-609.670182,-610.371974,-610.404710,,,-610.404930,,-610.407753,,,,,missing,,,,
pf5,-838.307432,-839.713415,-839.755500,,,-839.755499,,-839.757134,,,,,missing,,,,
sf6,-994.300529,-996.020081,-996.075316,,,-996.075110,,-996.077436,,,,,missing,,,,
oxadiazole,-260.635491,-261.586556,-261.639019,,,-261.637673,,-261.642244,,,,,-261.642111,,,,
dioxetan2one,-301.588789,-302.594520,-302.639219,,,-302.638817,,-302.641467,,,,,missing,,,,
dioxetane,-227.817324,-228.629542,-228.661576,,,-228.661577,,-228.663158,,,,,missing,,,,
dithiotane,-873.154653,-873.875410,-873.910523,,,-873.911213,,-873.913323,,,,,missing,,,,
borole,-179.066188,-179.814276,-179.852257,,,-179.852624,,-179.855148,,,,,missing,,,,
c2cl4,-1913.780149,-1914.901122,-1914.957367,,,-1914.957925,,-1914.961453,,,,,missing,,,,
c2f4,-473.603017,-474.902664,-474.948346,,,-474.948480,,-474.950626,,,,,missing,,,,
cis-c2f2cl2,-1193.688200,-1194.898388,-1194.949336,,,-1194.949827,,-1194.952609,,,,,missing,,,,
trans-c2f2cl2,-1193.690028,-1194.899799,-1194.950675,,,-1194.951164,,-1194.953931,,,,,missing,,,,
cyclopentadiene,-192.856879,-193.685743,-193.727160,,,-193.727091,,-193.729687,,,,,missing,,,,
formic-anhydride,-301.597062,-302.599901,-302.645106,,,-302.645011,,-302.647795,,,,,costly,,,,
furan,-228.706432,-229.584965,-229.629045,,,-229.628501,,-229.631416,,,,,missing,,,,
oxetane,-191.978795,-192.747203,-192.777947,,,-192.778217,,-192.779656,,,,,missing,,,,
pyrrole,-208.883115,-209.741587,-209.785257,,,-209.784665,,-209.787504,,,,,missing,,,,
silole,-443.922678,-444.707744,-444.747317,,,-444.747757,,-444.750395,,,,,missing,,,,
thiophene,-551.378560,-552.209779,-552.255858,,,-552.255470,,-552.258771,,,,,missing,,,,
beta-lactim,-245.870755,-246.813214,-246.855864,,,-246.855573,,-246.858143,,,,,missing,,,,
clf5,-956.398342,-957.944593,-958.006445,,,-958.006510,,-958.010612,,,,,missing,,,,
clf3,-757.657803,-758.659574,-758.698453,,,-758.698865,,-758.701506,,,,,missing,,,,
pf3,-639.297463,-640.195461,-640.223834,,,-640.224111,,-640.225324,,,,,-640.225291,,,,
hoclo2,-684.474484,-685.416628,-685.462276,,,-685.461958,,-685.465598,,,,,missing,,,,
h2no,-130.447462,-130.884904,-130.900718,-130.9007088,,-130.901007,-130.9009369,-130.901967,,,,,-130.901947,,,,
nh2oh,-131.040628,-131.515846,-131.532614,,,-131.532729,,-131.533657,,,,,-131.533657,,,,
cyclopropane,-117.100380,-117.639779,-117.661411,,,-117.661751,,-117.662704,,,,,missing,,,,
cyclopropene,-115.864432,-116.368330,-116.392324,,,-116.392365,,-116.393828,,,,,-116.393837,,,,
ch3ph2,-381.538522,-381.912618,-381.926480,,,-381.927443,,-381.928024,,,,,-381.928026,,,,
nh2f,-155.023633,-155.505743,-155.521592,,,-155.521806,,-155.522603,,,,,-155.522591,,,,
cclh3,-499.147474,-499.546701,-499.561669,,,-499.562328,,-499.562947,,,,,-499.562958,,,,
clno,-588.767053,-589.407764,-589.443486,,,-589.444209,,-589.447770,,,,,-589.447430,,,,
tetrahedrane,-153.651394,-154.307569,-154.340341,,,-154.339797,,-154.341831,,,,,missing,,,,
n-butane,-157.354429,-158.111495,-158.139411,,,-158.140191,,-158.141214,,,,,missing,,,,
c2cl2,-994.697143,-995.397756,-995.434020,,,-995.434225,,-995.436810,,,,,-995.436801,,,,
c2clh3,-537.000595,-537.544898,-537.569487,,,-537.570076,,-537.571426,,,,,-537.571428,,,,
c2clh5,-538.198546,-538.779194,-538.801679,,,-538.802441,,-538.803381,,,,,missing,,,,
c2clh,-535.773838,-536.284118,-536.310394,,,-536.310550,,-536.312430,,,,,-536.312413,,,,
ccl2h2,-958.077340,-958.665985,-958.690764,,,-958.691596,,-958.692783,,,,,-958.692805,,,,
ccl2o,-1031.800187,-1032.585484,-1032.623520,,,-1032.624038,,-1032.626354,,,,,missing,,,,
ccl3h,-1417.000263,-1417.781396,-1417.816736,,,-1417.817628,,-1417.819464,,,,,-1417.819507,,,,
ccl4,-1875.914035,-1876.890138,-1876.936671,,,-1876.937487,,-1876.940051,,,,,-1876.940126,,,,
cf2cl2,-1155.856561,-1156.919835,-1156.961080,,,-1156.961637,,-1156.963491,,,,,missing,,,,
fno,-228.706033,-229.395824,-229.428766,,,-229.428967,,-229.431853,,,,,-229.431584,,,,
ch2clf,-598.032846,-598.667539,-598.690220,,,-598.690804,,-598.691739,,,,,-598.691744,,,,
chf3,-336.906512,-337.822225,-337.850379,,,-337.850495,,-337.851524,,,,,-337.851518,,,,
clcof,-671.767488,-672.596913,-672.631990,,,-672.632230,,-672.634174,,,,,missing,,,,
formamide,-169.000848,-169.611037,-169.636650,,,-169.636836,,-169.638272,,,,,-169.638231,,,,
cyclobutadiene,-153.694574,-154.349525,-154.384853,,,-154.385098,,-154.387759,,,,,missing,,,,
allyl,-116.510959,-117.004462,-117.025157,-117.0257547,,-117.026556,-117.0263484,-117.027661,,,,,missing,,,,
cyclopropyl,-116.456208,-116.958830,-116.979387,-116.9793932,,-116.979982,-116.979958,-116.980907,,,,,missing,,,,
h2ccn,-131.351644,-131.837395,-131.861015,-131.8614923,,-131.861872,-131.8616756,-131.863750,,,,,-131.863653,,,,
oxirene,-151.642188,-152.201762,-152.229561,,-152.228595,-152.229385,,-152.231473,-152.228217,,-152.231292,-152.231364,-152.231437,missing,missing,missing,missing
oxirane,-152.925320,-153.513790,-153.537702,,-153.537139,-153.537789,,-153.539062,-153.536555,,-153.538932,-153.538979,-153.539067,missing,missing,missing,missing
dioxirane,-188.676993,-189.325181,-189.354273,,-189.353277,-189.353883,,-189.356366,-189.352608,,-189.356220,-189.356268,-189.356276,missing,missing,missing,missing
ketene,-151.783872,-152.329259,-152.355501,,-152.354902,-152.355765,,-152.357444,-152.354910,,-152.357057,-152.357200,-152.357384,missing,missing,missing,missing
acetaldehyde,-152.974008,-153.556723,-153.580547,,-153.580055,-153.580885,,-153.582169,-153.579675,,-153.581951,-153.582025,-153.582136,missing,missing,missing,missing
formic,-188.840732,-189.472379,-189.498408,,-189.497906,-189.498434,,-189.499968,-189.497650,,-189.499653,-189.499765,-189.499919,missing,missing,missing,missing
acetic,-227.901973,-228.713196,-228.746380,,-228.745714,-228.746503,,-228.748292,-228.745242,,missing,missing,-228.748263,missing,missing,missing,missing
methanol,-115.088743,-115.529986,-115.544430,,-115.544171,-115.544709,,-115.545302,-115.543774,,-115.545251,-115.545270,-115.545311,missing,missing,missing,missing
ethanol,-154.141858,-154.764236,-154.786024,,-154.785578,-154.786438,,-154.787319,-154.784983,,missing,missing,-154.787338,missing,missing,missing,missing
glyoxal,-226.675409,-227.449326,-227.484337,,-227.483480,-227.484433,,-227.486809,-227.483156,,-227.486426,-227.486559,-227.486719,missing,missing,missing,missing
t-hcoh,-113.834959,-114.232684,-114.248138,,-114.247775,-114.248637,,-114.249458,-114.247703,,-114.249270,-114.249333,-114.249410,missing,missing,missing,missing
c-hcoh,-113.826912,-114.225117,-114.240729,,-114.240344,-114.241234,,-114.242066,-114.240277,,-114.241875,-114.241939,-114.242016,missing,missing,missing,missing
hcnh,-93.436495,-93.789593,-93.806150,-93.806466,-93.805606,-93.806899,-93.806857,-93.808047,-93.805676,,-93.807825,-93.807898,-93.807921,missing,missing,missing,missing
hocn,-167.788951,-168.365789,-168.392964,,-168.392176,-168.392653,,-168.394791,-168.391765,,-168.394610,-168.394676,-168.394743,missing,missing,missing,missing
honc,-167.693781,-168.271380,-168.299175,,-168.298365,-168.299083,,-168.301131,-168.297999,,-168.300871,-168.300962,-168.301070,missing,missing,missing,missing
hnco,-167.828407,-168.402208,-168.431001,,-168.430329,-168.430938,,-168.432939,-168.430596,,-168.432421,-168.432620,-168.432861,missing,missing,missing,missing
hcno,-167.693562,-168.286991,-168.319879,,-168.318872,-168.319216,,-168.322394,-168.319397,,-168.321467,-168.321817,-168.322135,missing,missing,missing,missing
c-n2h2,-110.028154,-110.447113,-110.466235,,-110.465532,-110.466200,,-110.467638,-110.465127,,-110.467587,-110.467603,-110.467600,missing,missing,missing,missing
hnnn,-163.901828,-164.502503,-164.536814,,-164.535540,-164.536145,,-164.539682,-164.535649,,-164.539159,-164.539360,-164.539483,missing,missing,missing,missing
hnc,-92.891681,-93.232529,-93.249791,,-93.249323,-93.249956,,-93.251079,-93.249217,,-93.250904,-93.250968,-93.251051,missing,missing,missing,missing
t-hono,-204.720815,-205.399205,-205.431537,,-205.430642,-205.431587,,-205.434357,-205.430817,,-205.433823,-205.434026,-205.434174,missing,missing,missing,missing
c-hono,-204.722113,-205.399425,-205.431715,,-205.430840,-205.431657,,-205.434371,-205.430870,,-205.433871,-205.434055,-205.434209,missing,missing,missing,missing
nh2cl,-515.108549,-515.541005,-515.558246,,-515.557684,-515.558731,,-515.559676,-515.557227,,-515.559645,-515.559656,-515.559676,missing,missing,missing,missing
t-hooo,-225.014605,-225.732066,-225.766981,-225.7669861,-225.765121,-225.768051,-225.7679946,-225.772315,-225.765695,,-225.771839,-225.771971,-225.771735,missing,missing,missing,missing
c-hooo,-225.021249,-225.734141,-225.767247,-225.767914,-225.765737,-225.768199,-225.768675,-225.771870,-225.765981,,-225.771446,-225.771538,-225.771418,missing,missing,missing,missing
ch3f,-139.094111,-139.540571,-139.553586,,-139.553468,-139.553915,,-139.554331,-139.553184,,-139.554248,-139.554278,-139.554332,missing,missing,missing,missing
ch2f2,-237.994463,-238.675361,-238.695851,,-238.695697,-238.696090,,-238.696807,-238.695330,,-238.696624,-238.696691,-238.696802,missing,missing,missing,missing
cf4,-435.815295,-436.965430,-437.001096,,-437.000810,-437.001053,,-437.002384,-437.000268,,missing,missing,-437.002388,missing,missing,missing,missing
sih3f,-390.224930,-390.625286,-390.635663,,-390.635565,-390.636155,,-390.636501,-390.635465,,-390.636399,-390.636436,-390.636494,missing,missing,missing,missing
sif4,-687.147944,-688.255223,-688.286285,,-688.286128,-688.286350,,-688.287543,-688.285636,,missing,missing,-688.287532,missing,missing,missing,missing
c2h3f,-176.953142,-177.544013,-177.566467,,-177.565917,-177.566849,,-177.567920,-177.565657,,-177.567757,-177.567815,-177.567902,missing,missing,missing,missing
c2h5f,-178.148989,-178.776222,-178.796545,,-178.796256,-178.797051,,-178.797740,-178.795804,,missing,missing,-178.797749,missing,missing,missing,missing
fccf,-274.566636,-275.359904,-275.391556,,-275.390827,-275.391490,,-275.393417,-275.390581,,-275.393126,-275.393232,-275.393372,missing,missing,missing,missing
hccf,-175.712185,-176.268886,-176.292994,,-176.292338,-176.292977,,-176.294542,-176.292111,,-176.294356,-176.294424,-176.294506,missing,missing,missing,missing
hcof,-212.831828,-213.470924,-213.495638,,-213.495280,-213.495725,,-213.497082,-213.495184,,-213.496728,-213.496858,-213.497026,missing,missing,missing,missing
f2co,-311.737514,-312.610278,-312.642297,,-312.641872,-312.642213,,-312.643840,-312.641691,,-312.643428,-312.643579,-312.643802,missing,missing,missing,missing
ch2-sing,-38.892116,-39.053811,-39.058523,,-39.058323,-39.059339,,-39.059525,-39.058373,,-39.059520,-39.059522,-39.059520,missing,missing,missing,missing
propane,-118.306896,-118.882179,-118.902659,,-118.902182,-118.903336,,-118.904048,-118.901623,,-118.904004,-118.904021,-118.904075,missing,missing,missing,missing
propene,-117.115516,-117.651707,-117.673891,,-117.673177,-117.674417,,-117.675483,-117.672728,,-117.675427,-117.675446,-117.675490,missing,missing,missing,missing
propyne,-115.907308,-116.406488,-116.430011,,-116.429243,-116.430167,,-116.431686,-116.428804,,-116.431608,-116.431636,-116.431677,missing,missing,missing,missing
allene,-115.904734,-116.403991,-116.427969,,-116.427036,-116.428394,,-116.429792,-116.426689,,-116.429703,-116.429736,-116.429782,missing,missing,missing,missing
b2h6,-52.834427,-53.125740,-53.134718,,-53.134465,-53.135628,,-53.135863,-53.134397,,-53.135831,-53.135844,-53.135867,missing,missing,missing,missing
bhf2,-224.353798,-224.959335,-224.976894,,-224.976820,-224.977092,,-224.977698,-224.976667,,-224.977469,-224.977550,-224.977673,missing,missing,missing,missing
bf3,-323.325973,-324.166537,-324.190943,,-324.190811,-324.191012,,-324.191901,-324.190509,,-324.191637,-324.191730,-324.191883,missing,missing,missing,missing
c2h6,-79.259263,-79.652930,-79.666025,,-79.665748,-79.666585,,-79.666994,-79.665403,,-79.666967,-79.666977,-79.667008,missing,missing,missing,missing
h2cn,-93.465885,-93.805363,-93.819991,-93.820480,-93.819400,-93.821186,-93.821146,-93.822077,-93.819517,,-93.821972,-93.821990,-93.821999,missing,missing,missing,missing
nccn,-184.647079,-185.315041,-185.354307,,-185.352759,-185.353476,,-185.357464,-185.352352,,-185.357242,-185.357323,-185.357326,missing,missing,missing,missing
ch2nh2,-94.629980,-95.018213,-95.031970,-95.031982,-95.031656,-95.032475,-95.032445,-95.033042,-95.031343,,-95.032983,-95.033000,-95.033035,missing,missing,missing,missing
ch3nh,-94.630275,-95.009684,-95.022484,-95.022477,-95.022185,-95.023176,-95.023137,-95.023638,-95.021930,,-95.023594,-95.023608,-95.023637,missing,missing,missing,missing
ch3nh2,-95.252386,-95.674421,-95.688831,,-95.688527,-95.689201,,-95.689759,-95.688109,,-95.689728,-95.689740,-95.689773,missing,missing,missing,missing
cf2,-236.754956,-237.396378,-237.419076,,-237.418797,-237.419479,,-237.420539,-237.419008,,-237.420112,-237.420267,-237.420464,missing,missing,missing,missing
n2h,-109.467580,-109.846366,-109.864008,-109.864460,-109.863350,-109.864727,-109.864674,-109.866116,-109.863362,,-109.865970,-109.866002,-109.866006,missing,missing,missing,missing
t-n2h2,-110.037627,-110.455569,-110.474399,,-110.473727,-110.474372,,-110.475780,-110.473318,,-110.475735,-110.475750,-110.475746,missing,missing,missing,missing
n2h4,-111.223146,-111.675498,-111.691534,,-111.691174,-111.691735,,-111.692492,-111.690667,,-111.692463,-111.692474,-111.692504,missing,missing,missing,missing
fo2,-248.981441,-249.721952,-249.761031,-249.761008,-249.758473,-249.762134,-249.762053,-249.767464,-249.760131,,-249.766925,-249.767073,-249.766682,missing,missing,missing,missing
foof,-348.332438,-349.356655,-349.406778,,-349.404034,-349.407087,,-349.413121,-349.404939,,-349.412543,-349.412751,-349.412486,missing,missing,missing,missing
alf3,-540.593633,-541.420593,-541.443533,,-541.443552,-541.443601,,-541.444488,-541.443296,,-541.444191,-541.444295,-541.444460,missing,missing,missing,missing
si2h6,-581.370250,-581.675569,-581.684584,,-581.684225,-581.686028,,-581.686367,-581.684246,,-581.686337,-581.686349,-581.686359,missing,missing,missing,missing
p4,-1363.046711,-1363.647413,-1363.692933,,-1363.690290,-1363.691954,,-1363.696651,-1363.689326,,-1363.696417,-1363.696493,-1363.696601,missing,missing,missing,missing
so2,-547.287030,-547.936810,-547.970410,,-547.969345,-547.970230,,-547.973308,-547.969748,,-547.972585,-547.972861,-547.973099,missing,missing,missing,missing
so3,-622.143780,-623.019731,-623.062490,,-623.061395,-623.062082,,-623.065484,-623.061638,,-623.064709,-623.065009,-623.065339,missing,missing,missing,missing
ocs,-510.339002,-510.887455,-510.918708,,-510.917759,-510.918919,,-510.921334,-510.918226,,-510.920732,-510.920969,-510.921245,missing,missing,missing,missing
cs2,-832.966568,-833.472703,-833.507501,,-833.505959,-833.507933,,-833.510999,-833.506389,,-833.510397,-833.510649,-833.510906,missing,missing,missing,missing
s2o,-869.930853,-870.534747,-870.571451,,-870.569657,-870.571746,,-870.575531,-870.570277,,-870.574748,-870.575059,-870.575209,missing,missing,missing,missing
s3,-1192.598612,-1193.153300,-1193.191769,,-1193.189189,-1193.192586,,-1193.196915,-1193.189586,,-1193.196406,-1193.196616,-1193.196526,missing,missing,missing,missing
s4-c2v,-1590.117605,-1590.876518,-1590.936243,,-1590.931770,-1590.935968,,-1590.944628,-1590.932989,,-1590.943603,-1590.944027,-1590.943614,missing,missing,missing,missing
ccl2,-956.806406,-957.358231,-957.386728,,-957.385571,-957.387990,,-957.389818,-957.385646,,-957.389412,-957.389565,-957.389720,missing,missing,missing,missing
alcl3,-1620.719237,-1621.389975,-1621.417750,,-1621.416776,-1621.419063,,-1621.420314,-1621.416181,,-1621.420229,-1621.420262,-1621.420334,missing,missing,missing,missing
clcn,-551.829829,-552.369630,-552.397946,,-552.396928,-552.397920,,-552.400259,-552.396462,,-552.400105,-552.400162,-552.400209,missing,missing,missing,missing
oclo,-609.064688,-609.744713,-609.779467,-609.779672,-609.778292,-609.779532,-609.779362,-609.782911,-609.778558,,-609.782154,-609.782448,-609.782625,missing,missing,missing,missing
cloo,-609.075878,-609.760819,-609.800530,-609.800489,-609.797278,-609.802474,-609.802411,-609.808152,-609.799068,,-609.807750,-609.807794,-609.807221,missing,missing,missing,missing
cl2o,-993.777434,-994.428709,-994.458304,,-994.457047,-994.458798,,-994.461076,-994.456433,,-994.460953,-994.460995,-994.461004,missing,missing,missing,missing
bn3pi,-79.014149,-79.253986,-79.266929,-79.267142,-79.266445,-79.268488,-79.268444,-79.269653,-79.267146,,-79.269115,-79.269360,-79.269377,-79.269342,-79.269299,-79.269377,missing
cf,-137.224831,-137.591536,-137.604553,-137.604557,-137.604434,-137.605136,-137.605098,-137.605678,-137.604659,,-137.605350,-137.605473,-137.605604,-137.605585,-137.605453,-137.605563,missing
ch2c,-76.793427,-77.100154,-77.114250,,-77.113678,-77.115053,,-77.115852,-77.113685,,-77.115738,-77.115782,-77.115811,-77.115832,-77.115820,-77.115869,missing
ch2ch,-77.419799,-77.734524,-77.748034,-77.748539,-77.747504,-77.749270,-77.749256,-77.749995,-77.747601,,-77.749924,-77.749932,-77.749943,-77.749946,error,error,missing
c2h4,-78.063271,-78.418364,-78.433128,,-78.432617,-78.433557,,-78.434283,-78.432376,,-78.434244,-78.434258,-78.434279,-78.434259,-78.434270,-78.434300,missing
ch2nh,-94.066625,-94.451534,-94.468046,,-94.467502,-94.468243,,-94.469237,-94.467192,,-94.469176,-94.469197,-94.469218,-94.469157,error,error,missing
hco,-113.292146,-113.665709,-113.682668,-113.682739,-113.682459,-113.683034,-113.683008,-113.684172,-113.682452,,-113.683856,-113.683970,-113.684075,-113.683982,-113.683993,-113.684051,missing
h2co,-113.911265,-114.314398,-114.330861,,-114.330520,-114.331033,,-114.332046,-114.330298,,-114.331882,-114.331938,-114.332004,-114.331918,-114.331937,-114.331978,missing
co2,-187.706665,-188.298624,-188.327164,,-188.326633,-188.326951,,-188.328946,-188.326974,,-188.328377,-188.328593,-188.328865,-188.328630,error,error,missing
hno,-129.836027,-130.276913,-130.296680,,-130.296044,-130.296649,,-130.298376,-130.295696,,-130.298277,-130.298307,-130.298300,-130.298170,-130.298300,-130.298316,missing
no2,-204.109509,-204.764242,-204.800220,-204.800406,-204.799253,-204.800199,-204.800079,-204.803723,-204.800087,,-204.802896,-204.803216,-204.803454,-204.803090,costly,costly,missing
n2o,-183.748836,-184.371641,-184.407144,,-184.406055,-184.406158,,-184.409886,-184.406501,,-184.409069,-184.409374,-184.409653,-184.409183,costly,costly,missing
o3,-224.341630,-225.085912,-225.132704,,-225.129817,-225.131990,,-225.139128,-225.130989,,-225.138470,-225.138690,-225.138308,-225.137566,costly,costly,missing
hoo,-150.236339,-150.693825,-150.710776,-150.710766,-150.710443,-150.711341,-150.711297,-150.712550,-150.710204,,-150.712364,-150.712399,-150.712426,-150.712333,error,error,missing
hooh,-150.835352,-151.336395,-151.354596,,-151.354080,-151.354573,,-151.355865,-151.353566,,-151.355829,-151.355841,-151.355843,-151.355717,error,error,missing
f2o,-273.557698,-274.319652,-274.349264,,-274.348274,-274.349324,,-274.351847,-274.348077,,-274.351611,-274.351705,-274.351705,-274.351477,costly,costly,missing
hocl,-534.919258,-535.374705,-535.392498,,-535.391881,-535.392877,,-535.394019,-535.391464,,-535.393971,-535.393988,-535.394000,-535.393925,error,error,missing
ssh,-795.669196,-796.029220,-796.046753,-796.046796,-796.045905,-796.048061,-796.048019,-796.049182,-796.045751,,-796.049088,-796.049114,-796.049127,-796.049131,error,error,missing
b2,-49.091737,-49.278861,-49.296011,-49.296095,-49.293719,-49.297422,-49.297409,-49.299275,-49.294410,,-49.299051,-49.299145,-49.298864,-49.299325,-49.299388,-49.299429,-49.299465
bh,-25.129903,-25.227265,-25.229276,,-25.229140,-25.229714,,-25.229781,-25.229159,,-25.229779,-25.229780,-25.229777,-25.229801,-25.229801,-25.229801,missing
bh3,-26.400001,-26.531281,-26.533722,,-26.533660,-26.534143,,-26.534182,-26.533657,,-26.534178,-26.534180,-26.534182,-26.534188,-26.534186,-26.534187,missing
bn,-78.905564,-79.234008,-79.267875,,-79.266115,-79.264715,,-79.269576,-79.266652,,-79.265471,-79.266834,-79.268231,-79.267737,-79.267490,-79.268117,missing
bf,-124.155694,-124.490904,-124.501894,,-124.501712,-124.502138,,-124.502625,-124.501817,,-124.502426,-124.502499,-124.502590,-124.502570,-124.502469,-124.502556,missing
nh,-54.980997,-55.135314,-55.139025,-55.138944,-55.138929,-55.139469,-55.139382,-55.139565,-55.138903,,-55.139562,-55.139563,-55.139563,-55.139570,-55.139571,-55.139572,-55.139573
nh2,-55.585510,-55.784726,-55.790197,-55.790171,-55.790077,-55.790611,-55.790571,-55.790802,-55.789978,,-55.790796,-55.790799,-55.790802,-55.790802,-55.790807,-55.790810,-55.790810
hcn,-92.907334,-93.255956,-93.273875,,-93.273289,-93.273718,,-93.275314,-93.272994,,-93.275232,-93.275260,-93.275268,-93.275117,-93.275245,-93.275266,missing
hof,-174.803760,-175.314447,-175.332293,,-175.331806,-175.332326,,-175.333625,-175.331376,,-175.333570,-175.333585,-175.333580,-175.333471,missing,missing,missing
alh,-242.461769,-242.542882,-242.544281,,-242.544186,-242.544659,,-242.544706,-242.544225,,-242.544705,-242.544705,-242.544703,-242.544718,-242.544718,-242.544718,-242.544718
alh3,-243.643958,-243.757398,-243.758915,,-243.758859,-243.759333,,-243.759369,-243.758894,,-243.759367,-243.759368,-243.759368,-243.759379,-243.759377,-243.759378,-243.759378
alf,-341.470349,-341.789811,-341.799147,,-341.799064,-341.799299,,-341.799692,-341.799117,,-341.799511,-341.799580,-341.799664,-341.799639,-341.799551,-341.799627,missing
alcl,-701.510641,-701.777406,-701.788261,,-701.787777,-701.788917,,-701.789480,-701.787664,,-701.789428,-701.789450,-701.789469,-701.789481,-701.789455,-701.789499,missing
sih,-289.438869,-289.541915,-289.544865,-289.544843,-289.544702,-289.545654,-289.545623,-289.545731,-289.544781,,-289.545726,-289.545728,-289.545726,-289.545744,-289.545744,-289.545744,-289.545745
sih4,-291.260158,-291.426877,-291.430529,,-291.430407,-291.431254,,-291.431346,-291.430426,,-291.431336,-291.431340,-291.431343,-291.431360,-291.431353,-291.431358,-291.431357
sio,-363.838388,-364.177054,-364.194913,,-364.194533,-364.195143,,-364.196881,-364.195430,,-364.195933,-364.196326,-364.196652,-364.196544,-364.196263,-364.196601,missing
sif,-388.415054,-388.755317,-388.766274,-388.766273,-388.766115,-388.766812,-388.766786,-388.767260,-388.766240,,-388.767050,-388.767132,-388.767219,-388.767200,-388.767104,-388.767187,missing
cs,-435.352352,-435.671399,-435.692702,,-435.691972,-435.693262,,-435.694973,-435.692172,,-435.694502,-435.694681,-435.694871,-435.694828,-435.694774,-435.694941,missing
h2,-1.132945,-1.170854,-1.170854,,-1.170854,-1.170854,,-1.170854,-1.170854,,-1.170854,-1.170854,-1.170854,-1.170854,-1.170854,-1.170854,-1.170854
oh,-75.418952,-75.630866,-75.635861,-75.635823,-75.635777,-75.636158,-75.636110,-75.636333,-75.635671,,-75.636325,-75.636328,-75.636332,-75.636323,-75.636329,-75.636331,-75.636330
hf,-100.057672,-100.329919,-100.336150,,-100.336120,-100.336184,,-100.336424,-100.335914,,-100.336405,-100.336412,-100.336426,-100.336393,-100.336401,-100.336405,-100.336403
h2o,-76.056531,-76.320886,-76.328307,,-76.328203,-76.328392,,-76.328745,-76.327963,,-76.328732,-76.328737,-76.328747,-76.328709,-76.328725,-76.328730,-76.328728
ch,-38.281237,-38.405685,-38.408924,-38.408898,-38.408786,-38.409568,-38.409534,-38.409643,-38.408810,,-38.409641,-38.409642,-38.409641,-38.409657,-38.409657,-38.409657,-38.409658
ch2-trip,-38.937517,-39.071922,-39.075217,-39.075174,-39.075136,-39.075708,-39.075656,-39.075777,-39.075125,,-39.075774,-39.075775,-39.075776,-39.075783,-39.075783,-39.075784,-39.075784
ch3,-39.577210,-39.752324,-39.756889,-39.756872,-39.756792,-39.757365,-39.757333,-39.757470,-39.756726,,-39.757465,-39.757467,-39.757472,-39.757477,-39.757476,-39.757479,-39.757479
ch4,-40.213031,-40.426684,-40.432739,,-40.432645,-40.433143,,-40.433282,-40.432504,,-40.433268,-40.433273,-40.433285,-40.433290,-40.433285,-40.433291,-40.433291
cch,-76.177215,-76.451336,-76.466092,-76.467123,-76.465383,-76.467588,-76.467568,-76.468798,-76.465714,,-76.468713,-76.468704,-76.468708,-76.468734,-76.468798,-76.468835,missing
c2h2,-76.848675,-77.168701,-77.185059,,-77.184469,-77.185115,,-77.186311,-77.184240,,-77.186249,-77.186271,-77.186286,-77.186223,-77.186296,-77.186327,missing
nh3,-56.217142,-56.460614,-56.467995,,-56.467877,-56.468221,,-56.468512,-56.467657,,-56.468501,-56.468506,-56.468516,-56.468501,-56.468510,-56.468516,-56.468515
c2,-75.401449,-75.749509,-75.783002,,-75.779997,-75.780882,,-75.786080,-75.779244,,-75.785482,-75.785647,-75.785165,-75.784339,-75.784974,-75.784896,-75.784876
n2,-108.982944,-109.355326,-109.373905,,-109.373366,-109.373617,,-109.375430,-109.372950,,-109.375373,-109.375391,-109.375385,-109.375196,-109.375365,-109.375372,-109.375369
co,-112.779950,-113.138533,-113.155538,,-113.155331,-113.155673,,-113.156797,-113.155316,,-113.156505,-113.156608,-113.156746,-113.156652,-113.156643,-113.156719,missing
cn,-92.234684,-92.547223,-92.565704,-92.567489,-92.564651,-92.568056,-92.568048,-92.570420,-92.565797,,-92.569776,-92.569958,-92.569945,-92.569725,-92.569902,-92.569912,missing
no,-129.296353,-129.698352,-129.716834,-129.717052,-129.716513,-129.717160,-129.717073,-129.718703,-129.716398,,-129.718484,-129.718553,-129.718595,-129.718451,-129.718577,-129.718592,missing
o2,-149.675117,-150.111191,-150.129010,-150.128980,-150.128520,-150.128970,-150.128685,-150.130815,-150.128176,,-150.130777,-150.130786,-150.130765,-150.130608,-150.130793,-150.130786,missing
of,-174.192315,-174.653927,-174.670060,-174.670105,-174.669888,-174.671068,-174.671016,-174.672212,-174.670047,,-174.671829,-174.671944,-174.671990,-174.671911,-174.671958,-174.671977,missing
f2,-198.751914,-199.278095,-199.296107,,-199.295374,-199.296098,,-199.297684,-199.295041,,-199.297662,-199.297666,-199.297608,-199.297492,-199.297611,-199.297606,missing
ph3,-342.487131,-342.680269,-342.686668,,-342.686417,-342.687508,,-342.687753,-342.686390,,-342.687735,-342.687741,-342.687746,-342.687774,-342.687767,-342.687777,-342.687777
hs,-398.104884,-398.278849,-398.284832,-398.284826,-398.284602,-398.285630,-398.285595,-398.285833,-398.284536,,-398.285826,-398.285829,-398.285831,-398.285848,-398.285850,-398.285855,-398.285855
h2s,-398.712691,-398.923265,-398.930878,,-398.930594,-398.931562,,-398.931883,-398.930465,,-398.931873,-398.931877,-398.931882,-398.931901,-398.931903,-398.931912,-398.931912
hcl,-460.106578,-460.327152,-460.334661,,-460.334416,-460.335159,,-460.335452,-460.334212,,-460.335448,-460.335450,-460.335455,-460.335462,-460.335468,-460.335474,-460.335474
so,-472.402821,-472.791087,-472.809386,-472.809712,-472.808767,-472.809966,-472.809825,-472.811539,-472.808724,,-472.811354,-472.811430,-472.811470,-472.811339,-472.811420,-472.811467,missing
clo,-534.303297,-534.717153,-534.734119,-534.734115,-534.733511,-534.735234,-534.735190,-534.736433,-534.733424,,-534.736273,-534.736301,-534.736309,-534.736264,-534.736322,-534.736348,missing
clf,-558.900762,-559.363318,-559.379740,,-559.379256,-559.380212,,-559.381173,-559.379020,,-559.381077,-559.381111,-559.381141,-559.381093,-559.381118,-559.381148,missing
p2,-681.489139,-681.785425,-681.807209,,-681.805704,-681.807591,,-681.810102,-681.805789,,-681.809981,-681.810029,-681.809964,-681.809908,-681.810050,-681.810159,-681.810164
s2,-795.096437,-795.435897,-795.455012,-795.455167,-795.453999,-795.456035,-795.455834,-795.457541,-795.453833,,-795.457466,-795.457496,-795.457491,-795.457469,-795.457538,-795.457595,missing
cl2,-918.998709,-919.409125,-919.426459,,-919.425719,-919.427271,,-919.428251,-919.425317,,-919.428226,-919.428236,-919.428242,-919.428233,-919.428262,-919.428294,missing